timestamp,left_knee_angle,right_knee_angle,avg_knee_angle,smoothed_knee_angle,left_hip_angle,right_hip_angle,avg_hip_angle,smoothed_hip_angle,torso_angle,visibility,state,rep_count
0,,,,,,,,,,0.001,UP,0
33,,,,,,,,,,0.001,UP,0
66,,,,,,,,,,0.001,UP,0
100,,,,,,,,,,0.001,UP,0
133,,,,,,,,,,0.001,UP,0
166,,,,,,,,,,0.001,UP,0
200,,,,,,,,,,0.002,UP,0
233,,,,,,,,,,0.002,UP,0
266,,,,,,,,,,0.002,UP,0
300,,,,,,,,,,0.002,UP,0
333,,,,,,,,,,0.002,UP,0
366,,,,,,,,,,0.003,UP,0
400,,,,,,,,,,0.003,UP,0
433,,,,,,,,,,0.003,UP,0
466,,,,,,,,,,0.003,UP,0
500,,,,,,,,,,0.003,UP,0
533,,,,,,,,,,0.004,UP,0
566,,,,,,,,,,0.004,UP,0
600,,,,,,,,,,0.004,UP,0
633,,,,,,,,,,0.004,UP,0
666,,,,,,,,,,0.004,UP,0
700,,,,,,,,,,0.004,UP,0
733,,,,,,,,,,0.004,UP,0
766,,,,,,,,,,0.004,UP,0
800,,,,,,,,,,0.004,UP,0
833,,,,,,,,,,0.004,UP,0
866,,,,,,,,,,0.004,UP,0
900,,,,,,,,,,0.004,UP,0
933,,,,,,,,,,0.004,UP,0
966,,,,,,,,,,0.004,UP,0
1000,,,,,,,,,,0.004,UP,0
1033,,,,,,,,,,0.004,UP,0
1066,,,,,,,,,,0.004,UP,0
1100,,,,,,,,,,0.004,UP,0
1133,,,,,,,,,,0.004,UP,0
1166,,,,,,,,,,0.004,UP,0
1200,,,,,,,,,,0.004,UP,0
1233,,,,,,,,,,0.004,UP,0
1266,,,,,,,,,,0.004,UP,0
1300,,,,,,,,,,0.004,UP,0
1333,,,,,,,,,,0.004,UP,0
1366,,,,,,,,,,0.004,UP,0
1400,,,,,,,,,,0.004,UP,0
1433,,,,,,,,,,0.004,UP,0
1466,,,,,,,,,,0.004,UP,0
1500,,,,,,,,,,0.004,UP,0
1533,,,,,,,,,,0.004,UP,0
1566,,,,,,,,,,0.004,UP,0
1600,,,,,,,,,,0.004,UP,0
1633,,,,,,,,,,0.004,UP,0
1666,,,,,,,,,,0.004,UP,0
1700,,,,,,,,,,0.004,UP,0
1733,,,,,,,,,,0.004,UP,0
1766,,,,,,,,,,0.004,UP,0
1800,,,,,,,,,,0.004,UP,0
1833,,,,,,,,,,0.004,UP,0
1866,,,,,,,,,,0.004,UP,0
1900,,,,,,,,,,0.004,UP,0
1933,,,,,,,,,,0.004,UP,0
1966,,,,,,,,,,0.004,UP,0
2000,,,,,,,,,,0.004,UP,0
2033,,,,,,,,,,0.003,UP,0
2066,,,,,,,,,,0.003,UP,0
2100,,,,,,,,,,0.003,UP,0
2133,,,,,,,,,,0.003,UP,0
2166,,,,,,,,,,0.003,UP,0
2200,,,,,,,,,,0.004,UP,0
2233,,,,,,,,,,0.004,UP,0
2266,,,,,,,,,,0.004,UP,0
2300,,,,,,,,,,0.004,UP,0
2333,,,,,,,,,,0.004,UP,0
2366,,,,,,,,,,0.004,UP,0
2400,,,,,,,,,,0.004,UP,0
2433,,,,,,,,,,0.004,UP,0
2466,,,,,,,,,,0.004,UP,0
2500,,,,,,,,,,0.004,UP,0
2533,,,,,,,,,,0.004,UP,0
2566,,,,,,,,,,0.004,UP,0
2600,,,,,,,,,,0.004,UP,0
2633,,,,,,,,,,0.004,UP,0
2666,,,,,,,,,,0.004,UP,0
2700,,,,,,,,,,0.004,UP,0
2733,,,,,,,,,,0.004,UP,0
2766,,,,,,,,,,0.004,UP,0
2800,,,,,,,,,,0.004,UP,0
2833,,,,,,,,,,0.004,UP,0
2866,,,,,,,,,,0.004,UP,0
2900,,,,,,,,,,0.004,UP,0
2933,,,,,,,,,,0.004,UP,0
2966,,,,,,,,,,0.004,UP,0
3000,,,,,,,,,,0.004,UP,0
3033,,,,,,,,,,0.004,UP,0
3066,,,,,,,,,,0.003,UP,0
3100,,,,,,,,,,0.003,UP,0
3133,,,,,,,,,,0.003,UP,0
3166,,,,,,,,,,0.003,UP,0
3200,,,,,,,,,,0.003,UP,0
3233,,,,,,,,,,0.003,UP,0
3266,,,,,,,,,,0.003,UP,0
3300,,,,,,,,,,0.003,UP,0
3333,,,,,,,,,,0.003,UP,0
3366,,,,,,,,,,0.004,UP,0
3400,,,,,,,,,,0.004,UP,0
3433,,,,,,,,,,0.004,UP,0
3466,,,,,,,,,,0.004,UP,0
3500,,,,,,,,,,0.004,UP,0
3533,,,,,,,,,,0.004,UP,0
3566,,,,,,,,,,0.004,UP,0
3600,,,,,,,,,,0.005,UP,0
3633,,,,,,,,,,0.005,UP,0
3666,,,,,,,,,,0.005,UP,0
3700,,,,,,,,,,0.005,UP,0
3733,,,,,,,,,,0.005,UP,0
3766,,,,,,,,,,0.004,UP,0
3800,,,,,,,,,,0.004,UP,0
3833,,,,,,,,,,0.004,UP,0
3866,,,,,,,,,,0.004,UP,0
3900,,,,,,,,,,0.004,UP,0
3933,,,,,,,,,,0.004,UP,0
3966,,,,,,,,,,0.004,UP,0
4000,,,,,,,,,,0.004,UP,0
4033,,,,,,,,,,0.004,UP,0
4066,,,,,,,,,,0.004,UP,0
4100,,,,,,,,,,0.004,UP,0
4133,,,,,,,,,,0.004,UP,0
4166,,,,,,,,,,0.004,UP,0
4200,,,,,,,,,,0.003,UP,0
4233,,,,,,,,,,0.003,UP,0
4266,,,,,,,,,,0.003,UP,0
4300,,,,,,,,,,0.003,UP,0
4333,,,,,,,,,,0.003,UP,0
4366,,,,,,,,,,0.003,UP,0
4400,,,,,,,,,,0.003,UP,0
4433,,,,,,,,,,0.003,UP,0
4466,,,,,,,,,,0.003,UP,0
4500,,,,,,,,,,0.003,UP,0
4533,,,,,,,,,,0.003,UP,0
4566,,,,,,,,,,0.003,UP,0
4600,,,,,,,,,,0.003,UP,0
4633,,,,,,,,,,0.003,UP,0
4666,,,,,,,,,,0.003,UP,0
4700,,,,,,,,,,0.003,UP,0
4733,,,,,,,,,,0.003,UP,0
4766,,,,,,,,,,0.003,UP,0
4800,,,,,,,,,,0.003,UP,0
4833,,,,,,,,,,0.003,UP,0
4866,,,,,,,,,,0.003,UP,0
4900,,,,,,,,,,0.003,UP,0
4933,,,,,,,,,,0.002,UP,0
4966,,,,,,,,,,0.002,UP,0
5000,,,,,,,,,,0.002,UP,0
5033,,,,,,,,,,0.002,UP,0
5066,,,,,,,,,,0.002,UP,0
5100,,,,,,,,,,0.002,UP,0
5133,,,,,,,,,,0.002,UP,0
5166,,,,,,,,,,0.002,UP,0
5200,,,,,,,,,,0.002,UP,0
5233,,,,,,,,,,0.002,UP,0
5266,,,,,,,,,,0.002,UP,0
5300,,,,,,,,,,0.002,UP,0
5333,,,,,,,,,,0.002,UP,0
5366,,,,,,,,,,0.002,UP,0
5400,,,,,,,,,,0.002,UP,0
5433,,,,,,,,,,0.002,UP,0
5466,,,,,,,,,,0.002,UP,0
5500,,,,,,,,,,0.002,UP,0
5533,,,,,,,,,,0.002,UP,0
5566,,,,,,,,,,0.002,UP,0
5600,,,,,,,,,,0.002,UP,0
5633,,,,,,,,,,0.002,UP,0
5666,,,,,,,,,,0.002,UP,0
5700,,,,,,,,,,0.002,UP,0
5733,,,,,,,,,,0.002,UP,0
5766,,,,,,,,,,0.002,UP,0
5800,,,,,,,,,,0.002,UP,0
5833,,,,,,,,,,0.002,UP,0
5866,,,,,,,,,,0.002,UP,0
5900,,,,,,,,,,0.002,UP,0
5933,,,,,,,,,,0.002,UP,0
5966,,,,,,,,,,0.002,UP,0
6000,,,,,,,,,,0.002,UP,0
6033,,,,,,,,,,0.002,UP,0
6066,,,,,,,,,,0.002,UP,0
6100,,,,,,,,,,0.002,UP,0
6133,,,,,,,,,,0.002,UP,0
6166,,,,,,,,,,0.003,UP,0
6200,,,,,,,,,,0.003,UP,0
6233,,,,,,,,,,0.003,UP,0
6266,,,,,,,,,,0.003,UP,0
6300,,,,,,,,,,0.003,UP,0
6333,,,,,,,,,,0.003,UP,0
6366,,,,,,,,,,0.003,UP,0
6400,,,,,,,,,,0.003,UP,0
6433,,,,,,,,,,0.003,UP,0
6466,,,,,,,,,,0.004,UP,0
6500,,,,,,,,,,0.003,UP,0
6533,,,,,,,,,,0.003,UP,0
6566,,,,,,,,,,0.003,UP,0
6600,,,,,,,,,,0.003,UP,0
6633,,,,,,,,,,0.003,UP,0
6666,,,,,,,,,,0.003,UP,0
6700,,,,,,,,,,0.003,UP,0
6733,,,,,,,,,,0.004,UP,0
6766,,,,,,,,,,0.005,UP,0
6800,,,,,,,,,,0.007,UP,0
6833,,,,,,,,,,0.008,UP,0
6866,,,,,,,,,,0.01,UP,0
6900,,,,,,,,,,0.01,UP,0
6933,,,,,,,,,,0.011,UP,0
6966,,,,,,,,,,0.011,UP,0
7000,,,,,,,,,,0.011,UP,0
7033,,,,,,,,,,0.012,UP,0
7066,,,,,,,,,,0.013,UP,0
7100,,,,,,,,,,0.015,UP,0
7133,,,,,,,,,,0.017,UP,0
7166,,,,,,,,,,0.019,UP,0
7200,,,,,,,,,,0.023,UP,0
7233,,,,,,,,,,0.025,UP,0
7266,,,,,,,,,,0.028,UP,0
7300,,,,,,,,,,0.029,UP,0
7333,,,,,,,,,,0.03,UP,0
7366,,,,,,,,,,0.03,UP,0
7400,,,,,,,,,,0.031,UP,0
7433,,,,,,,,,,0.032,UP,0
7466,,,,,,,,,,0.034,UP,0
7500,,,,,,,,,,0.037,UP,0
7533,,,,,,,,,,0.04,UP,0
7566,,,,,,,,,,0.043,UP,0
7600,,,,,,,,,,0.045,UP,0
7633,,,,,,,,,,0.047,UP,0
7666,,,,,,,,,,0.048,UP,0
7700,,,,,,,,,,0.05,UP,0
7733,,,,,,,,,,0.051,UP,0
7766,,,,,,,,,,0.052,UP,0
7800,,,,,,,,,,0.052,UP,0
7833,,,,,,,,,,0.052,UP,0
7866,,,,,,,,,,0.054,UP,0
7900,,,,,,,,,,0.056,UP,0
7933,,,,,,,,,,0.059,UP,0
7966,,,,,,,,,,0.065,UP,0
8000,,,,,,,,,,0.072,UP,0
8033,,,,,,,,,,0.078,UP,0
8066,,,,,,,,,,0.083,UP,0
8100,,,,,,,,,,0.089,UP,0
8133,,,,,,,,,,0.094,UP,0
8166,,,,,,,,,,0.098,UP,0
8200,,,,,,,,,,0.102,UP,0
8233,,,,,,,,,,0.107,UP,0
8266,,,,,,,,,,0.11,UP,0
8300,,,,,,,,,,0.113,UP,0
8333,,,,,,,,,,0.116,UP,0
8366,,,,,,,,,,0.118,UP,0
8400,,,,,,,,,,0.12,UP,0
8433,,,,,,,,,,0.123,UP,0
8466,,,,,,,,,,0.125,UP,0
8500,,,,,,,,,,0.129,UP,0
8533,,,,,,,,,,0.135,UP,0
8566,,,,,,,,,,0.139,UP,0
8600,,,,,,,,,,0.142,UP,0
8633,,,,,,,,,,0.145,UP,0
8666,,,,,,,,,,0.147,UP,0
8700,,,,,,,,,,0.148,UP,0
8733,,,,,,,,,,0.15,UP,0
8766,,,,,,,,,,0.152,UP,0
8800,,,,,,,,,,0.155,UP,0
8833,,,,,,,,,,0.159,UP,0
8866,,,,,,,,,,0.162,UP,0
8900,,,,,,,,,,0.163,UP,0
8933,,,,,,,,,,0.164,UP,0
8966,,,,,,,,,,0.164,UP,0
9000,,,,,,,,,,0.161,UP,0
9033,,,,,,,,,,0.16,UP,0
9066,,,,,,,,,,0.159,UP,0
9100,,,,,,,,,,0.16,UP,0
9133,,,,,,,,,,0.159,UP,0
9166,,,,,,,,,,0.161,UP,0
9200,,,,,,,,,,0.161,UP,0
9233,,,,,,,,,,0.16,UP,0
9266,,,,,,,,,,0.159,UP,0
9300,,,,,,,,,,0.158,UP,0
9333,,,,,,,,,,0.157,UP,0
9366,,,,,,,,,,0.158,UP,0
9400,,,,,,,,,,0.161,UP,0
9433,,,,,,,,,,0.169,UP,0
9466,,,,,,,,,,0.178,UP,0
9500,,,,,,,,,,0.187,UP,0
9533,,,,,,,,,,0.197,UP,0
9566,,,,,,,,,,0.209,UP,0
9600,,,,,,,,,,0.224,UP,0
9633,,,,,,,,,,0.243,UP,0
9666,,,,,,,,,,0.269,UP,0
9700,,,,,,,,,,0.303,UP,0
9733,,,,,,,,,,0.34,UP,0
9766,,,,,,,,,,0.38,UP,0
9800,,,,,,,,,,0.423,UP,0
9833,,,,,,,,,,0.465,UP,0
9866,177.0,173.9,175.4,175.4,179.6,174.2,176.9,176.9,1.8,0.5,UP,0
9900,177.0,176.0,176.5,176.0,179.0,176.2,177.6,177.3,1.7,0.531,UP,0
9933,177.2,176.9,177.0,176.3,179.0,177.6,178.3,177.6,1.3,0.552,UP,0
9966,177.6,175.5,176.5,176.4,179.0,177.5,178.2,177.8,0.7,0.563,UP,0
10000,176.3,174.8,175.5,176.2,179.6,176.6,178.1,177.8,0.1,0.564,UP,0
10033,176.9,174.9,175.9,176.3,179.5,176.2,177.8,178.0,0.2,0.56,UP,0
10066,176.9,176.0,176.4,176.3,179.5,175.7,177.6,178.0,0.1,0.55,UP,0
10100,178.6,177.1,177.8,176.4,179.3,175.6,177.5,177.9,0.0,0.54,UP,0
10133,175.3,173.7,174.5,176.0,176.9,173.5,175.2,177.3,0.3,0.535,UP,0
10166,174.0,174.0,174.0,175.7,175.7,173.4,174.5,176.5,0.4,0.538,UP,0
10200,175.4,174.3,174.8,175.5,174.6,173.6,174.1,175.8,0.1,0.548,UP,0
10233,175.9,173.2,174.6,175.1,173.9,173.5,173.7,175.0,0.0,0.562,UP,0
10266,175.0,172.8,173.9,174.4,171.9,174.0,172.9,174.1,0.7,0.581,UP,0
10300,176.5,172.2,174.4,174.3,171.4,173.1,172.3,173.5,0.6,0.597,UP,0
10333,177.7,174.3,176.0,174.7,171.0,173.3,172.2,173.0,1.0,0.612,UP,0
10366,177.9,173.6,175.8,174.9,171.0,173.2,172.1,172.6,1.6,0.627,UP,0
10400,177.4,173.7,175.6,175.1,170.3,173.5,171.9,172.3,2.5,0.642,UP,0
10433,176.1,172.6,174.4,175.2,170.8,172.8,171.8,172.0,2.6,0.657,UP,0
10466,177.0,174.3,175.7,175.5,171.5,173.2,172.4,172.1,2.6,0.673,UP,0
10500,177.4,175.2,176.3,175.5,172.4,173.5,173.0,172.2,2.6,0.687,UP,0
10533,178.5,175.4,177.0,175.8,173.2,172.8,173.0,172.4,2.3,0.699,UP,0
10566,178.2,177.4,177.8,176.2,173.1,173.6,173.4,172.7,2.5,0.712,UP,0
10600,179.9,176.3,178.1,177.0,173.6,173.0,173.3,173.0,2.5,0.723,UP,0
10633,179.4,174.0,176.7,177.2,174.1,172.5,173.3,173.2,2.4,0.735,UP,0
10666,179.7,174.2,177.0,177.3,174.6,172.9,173.8,173.4,2.1,0.745,UP,0
10700,180.0,174.7,177.4,177.4,174.8,173.5,174.2,173.6,2.0,0.755,UP,0
10733,179.6,175.0,177.3,177.3,174.8,173.8,174.3,173.8,1.8,0.765,UP,0
10766,179.4,175.0,177.2,177.1,174.6,173.9,174.3,174.0,1.9,0.774,UP,0
10800,179.4,174.6,177.0,177.2,175.1,173.7,174.4,174.2,1.5,0.783,UP,0
10833,178.5,175.0,176.8,177.1,174.5,173.6,174.0,174.2,1.1,0.792,UP,0
10866,178.6,176.3,177.4,177.1,174.8,174.3,174.6,174.3,0.5,0.798,UP,0
10900,179.3,177.0,178.2,177.3,174.5,175.0,174.8,174.4,0.4,0.801,UP,0
10933,180.0,176.6,178.3,177.5,174.0,175.7,174.8,174.5,0.6,0.8,UP,0
10966,179.1,176.3,177.7,177.7,173.3,175.8,174.5,174.5,0.8,0.797,UP,0
11000,178.2,175.7,176.9,177.7,172.8,175.6,174.2,174.6,0.8,0.793,UP,0
11033,177.6,175.8,176.7,177.6,173.1,175.7,174.4,174.5,0.7,0.788,UP,0
11066,176.5,175.7,176.1,177.2,172.7,175.8,174.3,174.4,0.8,0.783,UP,0
11100,176.0,175.8,175.9,176.7,173.0,175.8,174.4,174.4,0.7,0.778,UP,0
11133,176.2,175.7,175.9,176.3,173.1,175.7,174.4,174.3,0.8,0.772,UP,0
11166,175.9,175.9,175.9,176.1,173.2,175.7,174.4,174.4,0.8,0.766,UP,0
11200,175.8,175.9,175.8,175.9,173.3,175.6,174.5,174.4,0.8,0.761,UP,0
11233,176.2,176.3,176.2,176.0,173.5,175.5,174.5,174.5,0.8,0.756,UP,0
11266,176.4,176.0,176.2,176.0,173.6,175.3,174.4,174.5,0.7,0.753,UP,0
11300,176.7,175.9,176.3,176.1,174.0,175.1,174.5,174.5,0.6,0.752,UP,0
11333,176.9,175.7,176.3,176.2,174.0,174.7,174.4,174.5,0.6,0.752,UP,0
11366,177.0,175.6,176.3,176.3,174.2,174.6,174.4,174.5,0.7,0.754,UP,0
11400,177.2,175.4,176.3,176.3,174.4,174.2,174.3,174.4,0.7,0.759,UP,0
11433,176.9,175.4,176.2,176.3,174.6,174.3,174.5,174.4,0.9,0.764,UP,0
11466,177.5,175.2,176.4,176.3,175.0,174.0,174.5,174.4,0.8,0.771,UP,0
11500,178.1,175.5,176.8,176.4,175.2,174.2,174.7,174.5,0.9,0.778,UP,0
11533,178.3,175.4,176.8,176.5,175.6,173.9,174.8,174.5,0.8,0.782,UP,0
11566,178.4,175.2,176.8,176.6,175.6,173.9,174.7,174.6,0.9,0.787,UP,0
11600,178.6,175.2,176.9,176.7,175.8,173.7,174.8,174.7,0.9,0.792,UP,0
11633,178.6,175.3,177.0,176.9,175.6,173.9,174.8,174.7,1.0,0.797,UP,0
11666,178.9,175.7,177.3,177.0,175.6,174.1,174.8,174.8,1.0,0.8,UP,0
11700,178.7,175.8,177.3,177.0,175.4,174.2,174.8,174.8,1.1,0.805,UP,0
11733,178.8,176.1,177.5,177.2,175.3,174.4,174.8,174.8,1.1,0.806,UP,0
11766,178.8,176.1,177.4,177.3,175.0,174.5,174.8,174.8,1.3,0.808,UP,0
11800,178.7,176.4,177.5,177.4,174.9,174.7,174.8,174.8,1.3,0.806,UP,0
11833,178.8,176.1,177.5,177.4,174.9,174.7,174.8,174.8,1.4,0.805,UP,0
11866,179.0,176.1,177.5,177.5,174.9,174.6,174.8,174.8,1.4,0.803,UP,0
11900,179.1,175.9,177.5,177.5,174.8,174.5,174.6,174.8,1.5,0.803,UP,0
11933,179.0,176.0,177.5,177.5,174.9,174.5,174.7,174.8,1.5,0.803,UP,0
11966,178.9,175.8,177.3,177.5,175.0,174.4,174.7,174.7,1.5,0.803,UP,0
12000,179.3,175.8,177.6,177.5,174.9,174.3,174.6,174.7,1.4,0.803,UP,0
12033,179.6,175.8,177.7,177.5,175.0,174.4,174.7,174.7,1.4,0.802,UP,0
12066,180.0,175.9,177.9,177.6,174.8,174.3,174.6,174.7,1.3,0.799,UP,0
12100,179.7,175.8,177.8,177.7,175.0,174.5,174.7,174.7,1.2,0.795,UP,0
12133,179.9,176.1,178.0,177.8,175.1,174.6,174.8,174.7,1.2,0.793,UP,0
12166,179.4,176.0,177.7,177.8,175.2,174.5,174.8,174.7,1.0,0.791,UP,0
12200,179.9,176.2,178.0,177.9,175.1,174.5,174.8,174.8,1.0,0.792,UP,0
12233,179.9,176.0,178.0,177.9,175.2,174.5,174.9,174.8,0.9,0.794,UP,0
12266,179.9,175.9,177.9,177.9,175.1,174.3,174.7,174.8,0.8,0.799,UP,0
12300,180.0,176.0,178.0,177.9,175.2,174.3,174.7,174.8,0.7,0.804,UP,0
12333,180.0,176.1,178.1,178.0,175.3,174.2,174.8,174.8,0.6,0.81,UP,0
12366,179.7,176.1,177.9,178.0,175.3,174.1,174.7,174.8,0.5,0.815,UP,0
12400,179.4,176.0,177.7,177.9,175.3,174.0,174.6,174.7,0.4,0.819,UP,0
12433,178.8,175.8,177.3,177.8,175.5,174.0,174.8,174.7,0.2,0.821,UP,0
12466,178.5,175.6,177.0,177.6,175.7,173.8,174.7,174.7,0.1,0.821,UP,0
12500,177.6,175.7,176.6,177.3,175.9,173.2,174.6,174.7,0.4,0.82,UP,0
12533,177.2,175.5,176.4,177.0,175.8,172.7,174.3,174.6,0.7,0.816,UP,0
12566,176.5,176.1,176.3,176.7,175.9,172.3,174.1,174.5,1.2,0.811,UP,0
12600,176.6,175.6,176.1,176.5,175.9,171.5,173.7,174.3,1.5,0.804,UP,0
12633,176.5,175.0,175.7,176.2,175.8,171.2,173.5,174.0,1.7,0.795,UP,0
12666,177.3,174.6,175.9,176.1,175.9,170.4,173.1,173.7,2.1,0.782,UP,0
12700,176.7,172.8,174.7,175.8,175.6,168.6,172.1,173.3,2.3,0.764,UP,0
12733,177.0,173.8,175.4,175.6,175.7,168.7,172.2,172.9,2.5,0.738,UP,0
12766,177.0,174.2,175.6,175.5,175.8,168.1,171.9,172.6,2.9,0.703,UP,0
12800,168.9,178.2,173.5,175.0,175.6,167.1,171.4,172.2,3.4,0.663,UP,0
12833,73.9,140.6,107.3,161.3,169.2,157.1,163.2,170.2,4.0,0.618,UP,0
12866,135.1,157.7,146.4,155.6,173.1,157.9,165.5,168.8,4.1,0.574,UP,0
12900,152.5,164.6,158.6,152.3,174.5,156.1,165.3,167.5,4.7,0.533,UP,0
12933,,,,,,,,,,0.499,UP,0
12966,,,,,,,,,,0.471,UP,0
13000,,,,,,,,,,0.449,UP,0
13033,,,,,,,,,,0.43,UP,0
13066,,,,,,,,,,0.413,UP,0
13100,,,,,,,,,,0.398,UP,0
13133,,,,,,,,,,0.383,UP,0
13166,,,,,,,,,,0.363,UP,0
13200,,,,,,,,,,0.342,UP,0
13233,,,,,,,,,,0.318,UP,0
13266,,,,,,,,,,0.292,UP,0
13300,,,,,,,,,,0.265,UP,0
13333,,,,,,,,,,0.24,UP,0
13366,,,,,,,,,,0.218,UP,0
13400,,,,,,,,,,0.199,UP,0
13433,,,,,,,,,,0.18,UP,0
13466,,,,,,,,,,0.164,UP,0
13500,,,,,,,,,,0.149,UP,0
13533,,,,,,,,,,0.135,UP,0
13566,,,,,,,,,,0.123,UP,0
13600,,,,,,,,,,0.111,UP,0
13633,,,,,,,,,,0.101,UP,0
13666,,,,,,,,,,0.092,UP,0
13700,,,,,,,,,,0.083,UP,0
13733,,,,,,,,,,0.076,UP,0
13766,,,,,,,,,,0.07,UP,0
13800,,,,,,,,,,0.065,UP,0
13833,,,,,,,,,,0.06,UP,0
13866,,,,,,,,,,0.056,UP,0
13900,,,,,,,,,,0.052,UP,0
13933,,,,,,,,,,0.048,UP,0
13966,,,,,,,,,,0.044,UP,0
14000,,,,,,,,,,0.041,UP,0
14033,,,,,,,,,,0.038,UP,0
14066,,,,,,,,,,0.036,UP,0
14100,,,,,,,,,,0.033,UP,0
14133,,,,,,,,,,0.031,UP,0
14166,,,,,,,,,,0.03,UP,0
14200,,,,,,,,,,0.028,UP,0
14233,,,,,,,,,,0.026,UP,0
14266,,,,,,,,,,0.025,UP,0
14300,,,,,,,,,,0.023,UP,0
14333,,,,,,,,,,0.022,UP,0
14366,,,,,,,,,,0.021,UP,0
14400,,,,,,,,,,0.02,UP,0
14433,,,,,,,,,,0.019,UP,0
14466,,,,,,,,,,0.019,UP,0
14500,,,,,,,,,,0.018,UP,0
14533,,,,,,,,,,0.018,UP,0
14566,,,,,,,,,,0.017,UP,0
14600,,,,,,,,,,0.017,UP,0
14633,,,,,,,,,,0.017,UP,0
14666,,,,,,,,,,0.016,UP,0
14700,,,,,,,,,,0.016,UP,0
14733,,,,,,,,,,0.016,UP,0
14766,,,,,,,,,,0.016,UP,0
14800,,,,,,,,,,0.017,UP,0
14833,,,,,,,,,,0.017,UP,0
14866,,,,,,,,,,0.017,UP,0
14900,,,,,,,,,,0.018,UP,0
14933,,,,,,,,,,0.018,UP,0
14966,,,,,,,,,,0.018,UP,0
15000,,,,,,,,,,0.018,UP,0
15033,,,,,,,,,,0.018,UP,0
15066,,,,,,,,,,0.017,UP,0
15100,,,,,,,,,,0.017,UP,0
15133,,,,,,,,,,0.017,UP,0
15166,,,,,,,,,,0.016,UP,0
15200,,,,,,,,,,0.016,UP,0
15233,,,,,,,,,,0.016,UP,0
15266,,,,,,,,,,0.016,UP,0
15300,,,,,,,,,,0.016,UP,0
15333,,,,,,,,,,0.016,UP,0
15366,,,,,,,,,,0.016,UP,0
15400,,,,,,,,,,0.016,UP,0
15433,,,,,,,,,,0.016,UP,0
15466,,,,,,,,,,0.016,UP,0
15500,,,,,,,,,,0.016,UP,0
15533,,,,,,,,,,0.016,UP,0
15566,,,,,,,,,,0.016,UP,0
15600,,,,,,,,,,0.016,UP,0
15633,,,,,,,,,,0.016,UP,0
15666,,,,,,,,,,0.016,UP,0
15700,,,,,,,,,,0.016,UP,0
15733,,,,,,,,,,0.016,UP,0
15766,,,,,,,,,,0.016,UP,0
15800,,,,,,,,,,0.017,UP,0
15833,,,,,,,,,,0.017,UP,0
15866,,,,,,,,,,0.018,UP,0
15900,,,,,,,,,,0.018,UP,0
15933,,,,,,,,,,0.018,UP,0
15966,,,,,,,,,,0.019,UP,0
16000,,,,,,,,,,0.019,UP,0
16033,,,,,,,,,,0.02,UP,0
16066,,,,,,,,,,0.021,UP,0
16100,,,,,,,,,,0.017,UP,0
16133,,,,,,,,,,0.018,UP,0
16166,,,,,,,,,,0.02,UP,0
16200,,,,,,,,,,0.021,UP,0
16233,,,,,,,,,,0.022,UP,0
16266,,,,,,,,,,0.027,UP,0
16300,,,,,,,,,,0.028,UP,0
16333,,,,,,,,,,0.027,UP,0
16366,,,,,,,,,,0.026,UP,0
16400,,,,,,,,,,0.026,UP,0
16433,,,,,,,,,,0.024,UP,0
16466,,,,,,,,,,0.023,UP,0
16500,,,,,,,,,,0.022,UP,0
16533,,,,,,,,,,0.021,UP,0
16566,,,,,,,,,,0.019,UP,0
16600,,,,,,,,,,0.018,UP,0
16633,,,,,,,,,,0.017,UP,0
16666,,,,,,,,,,0.016,UP,0
16700,,,,,,,,,,0.016,UP,0
16733,,,,,,,,,,0.015,UP,0
16766,,,,,,,,,,0.014,UP,0
16800,,,,,,,,,,0.014,UP,0
16833,,,,,,,,,,0.013,UP,0
16866,,,,,,,,,,0.013,UP,0
16900,,,,,,,,,,0.014,UP,0
16933,,,,,,,,,,0.015,UP,0
16966,,,,,,,,,,0.018,UP,0
17000,,,,,,,,,,0.021,UP,0
17033,,,,,,,,,,0.024,UP,0
17066,,,,,,,,,,0.028,UP,0
17100,,,,,,,,,,0.031,UP,0
17133,,,,,,,,,,0.033,UP,0
17166,,,,,,,,,,0.035,UP,0
17200,,,,,,,,,,0.036,UP,0
17233,,,,,,,,,,0.038,UP,0
17266,,,,,,,,,,0.039,UP,0
17300,,,,,,,,,,0.04,UP,0
17333,,,,,,,,,,0.04,UP,0
17366,,,,,,,,,,0.04,UP,0
17400,,,,,,,,,,0.04,UP,0
17433,,,,,,,,,,0.039,UP,0
17466,,,,,,,,,,0.039,UP,0
17500,,,,,,,,,,0.037,UP,0
17533,,,,,,,,,,0.036,UP,0
17566,,,,,,,,,,0.035,UP,0
17600,,,,,,,,,,0.033,UP,0
17633,,,,,,,,,,0.031,UP,0
17666,,,,,,,,,,0.03,UP,0
17700,,,,,,,,,,0.029,UP,0
17733,,,,,,,,,,0.028,UP,0
17766,,,,,,,,,,0.028,UP,0
17800,,,,,,,,,,0.027,UP,0
17833,,,,,,,,,,0.026,UP,0
17866,,,,,,,,,,0.025,UP,0
17900,,,,,,,,,,0.024,UP,0
17933,,,,,,,,,,0.023,UP,0
17966,,,,,,,,,,0.022,UP,0
18000,,,,,,,,,,0.021,UP,0
18033,,,,,,,,,,0.02,UP,0
18066,,,,,,,,,,0.02,UP,0
18100,,,,,,,,,,0.019,UP,0
18133,,,,,,,,,,0.018,UP,0
18166,,,,,,,,,,0.018,UP,0
18200,,,,,,,,,,0.017,UP,0
18233,,,,,,,,,,0.016,UP,0
18266,,,,,,,,,,0.015,UP,0
18300,,,,,,,,,,0.016,UP,0
18333,,,,,,,,,,0.016,UP,0
18366,,,,,,,,,,0.017,UP,0
18400,,,,,,,,,,0.019,UP,0
18433,,,,,,,,,,0.02,UP,0
18466,,,,,,,,,,0.021,UP,0
18500,,,,,,,,,,0.021,UP,0
18533,,,,,,,,,,0.021,UP,0
18566,,,,,,,,,,0.022,UP,0
18600,,,,,,,,,,0.023,UP,0
18633,,,,,,,,,,0.026,UP,0
18666,,,,,,,,,,0.031,UP,0
18700,,,,,,,,,,0.039,UP,0
18733,,,,,,,,,,0.051,UP,0
18766,,,,,,,,,,0.066,UP,0
18800,,,,,,,,,,0.08,UP,0
18833,,,,,,,,,,0.097,UP,0
18866,,,,,,,,,,0.114,UP,0
18900,,,,,,,,,,0.132,UP,0
18933,,,,,,,,,,0.153,UP,0
18966,,,,,,,,,,0.175,UP,0
19000,,,,,,,,,,0.196,UP,0
19033,,,,,,,,,,0.218,UP,0
19066,,,,,,,,,,0.232,UP,0
19100,,,,,,,,,,0.242,UP,0
19133,,,,,,,,,,0.247,UP,0
19166,,,,,,,,,,0.247,UP,0
19200,,,,,,,,,,0.247,UP,0
19233,,,,,,,,,,0.25,UP,0
19266,,,,,,,,,,0.253,UP,0
19300,,,,,,,,,,0.255,UP,0
19333,,,,,,,,,,0.258,UP,0
19366,,,,,,,,,,0.256,UP,0
19400,,,,,,,,,,0.25,UP,0
19433,,,,,,,,,,0.242,UP,0
19466,,,,,,,,,,0.233,UP,0
19500,,,,,,,,,,0.223,UP,0
19533,,,,,,,,,,0.213,UP,0
19566,,,,,,,,,,0.204,UP,0
19600,,,,,,,,,,0.193,UP,0
19633,,,,,,,,,,0.182,UP,0
19666,,,,,,,,,,0.171,UP,0
19700,,,,,,,,,,0.162,UP,0
19733,,,,,,,,,,0.154,UP,0
19766,,,,,,,,,,0.148,UP,0
19800,,,,,,,,,,0.142,UP,0
19833,,,,,,,,,,0.136,UP,0
19866,,,,,,,,,,0.128,UP,0
19900,,,,,,,,,,0.12,UP,0
19933,,,,,,,,,,0.113,UP,0
19966,,,,,,,,,,0.107,UP,0
20000,,,,,,,,,,0.101,UP,0
20033,,,,,,,,,,0.096,UP,0
20066,,,,,,,,,,0.091,UP,0
20100,,,,,,,,,,0.086,UP,0
20133,,,,,,,,,,0.081,UP,0
20166,,,,,,,,,,0.077,UP,0
20200,,,,,,,,,,0.073,UP,0
20233,,,,,,,,,,0.071,UP,0
20266,,,,,,,,,,0.068,UP,0
20300,,,,,,,,,,0.066,UP,0
20333,,,,,,,,,,0.063,UP,0
20366,,,,,,,,,,0.061,UP,0
20400,,,,,,,,,,0.058,UP,0
20433,,,,,,,,,,0.055,UP,0
20466,,,,,,,,,,0.052,UP,0
20500,,,,,,,,,,0.049,UP,0
20533,,,,,,,,,,0.046,UP,0
20566,,,,,,,,,,0.044,UP,0
20600,,,,,,,,,,0.043,UP,0
20633,,,,,,,,,,0.041,UP,0
20666,,,,,,,,,,0.04,UP,0
20700,,,,,,,,,,0.038,UP,0
20733,,,,,,,,,,0.037,UP,0
20766,,,,,,,,,,0.036,UP,0
20800,,,,,,,,,,0.036,UP,0
20833,,,,,,,,,,0.037,UP,0
20866,,,,,,,,,,0.037,UP,0
20900,,,,,,,,,,0.037,UP,0
20933,,,,,,,,,,0.037,UP,0
20966,,,,,,,,,,0.036,UP,0
21000,,,,,,,,,,0.036,UP,0
21033,,,,,,,,,,0.036,UP,0
21066,,,,,,,,,,0.037,UP,0
21100,,,,,,,,,,0.038,UP,0
21133,,,,,,,,,,0.04,UP,0
21166,,,,,,,,,,0.041,UP,0
21200,,,,,,,,,,0.042,UP,0
21233,,,,,,,,,,0.043,UP,0
21266,,,,,,,,,,0.043,UP,0
21300,,,,,,,,,,0.043,UP,0
21333,,,,,,,,,,0.043,UP,0
21366,,,,,,,,,,0.043,UP,0
21400,,,,,,,,,,0.044,UP,0
21433,,,,,,,,,,0.046,UP,0
21466,,,,,,,,,,0.047,UP,0
21500,,,,,,,,,,0.049,UP,0
21533,,,,,,,,,,0.051,UP,0
21566,,,,,,,,,,0.051,UP,0
21600,,,,,,,,,,0.051,UP,0
21633,,,,,,,,,,0.051,UP,0
21666,,,,,,,,,,0.05,UP,0
21700,,,,,,,,,,0.049,UP,0
21733,,,,,,,,,,0.048,UP,0
21766,,,,,,,,,,0.046,UP,0
21800,,,,,,,,,,0.045,UP,0
21833,,,,,,,,,,0.044,UP,0
21866,,,,,,,,,,0.042,UP,0
21900,,,,,,,,,,0.041,UP,0
21933,,,,,,,,,,0.04,UP,0
21966,,,,,,,,,,0.039,UP,0
22000,,,,,,,,,,0.038,UP,0
22033,,,,,,,,,,0.037,UP,0
22066,,,,,,,,,,0.036,UP,0
22100,,,,,,,,,,0.035,UP,0
22133,,,,,,,,,,0.037,UP,0
22166,,,,,,,,,,0.038,UP,0
22200,,,,,,,,,,0.04,UP,0
22233,,,,,,,,,,0.042,UP,0
22266,,,,,,,,,,0.042,UP,0
22300,,,,,,,,,,0.041,UP,0
22333,,,,,,,,,,0.039,UP,0
22366,,,,,,,,,,0.038,UP,0
22400,,,,,,,,,,0.036,UP,0
22433,,,,,,,,,,0.035,UP,0
22466,,,,,,,,,,0.035,UP,0
22500,,,,,,,,,,0.036,UP,0
22533,,,,,,,,,,0.036,UP,0
22566,,,,,,,,,,0.037,UP,0
22600,,,,,,,,,,0.038,UP,0
22633,,,,,,,,,,0.038,UP,0
22666,,,,,,,,,,0.039,UP,0
22700,,,,,,,,,,0.04,UP,0
22733,,,,,,,,,,0.042,UP,0
22766,,,,,,,,,,0.045,UP,0
22800,,,,,,,,,,0.05,UP,0
22833,,,,,,,,,,0.06,UP,0
22866,,,,,,,,,,0.072,UP,0
22900,,,,,,,,,,0.085,UP,0
22933,,,,,,,,,,0.098,UP,0
22966,,,,,,,,,,0.11,UP,0
23000,,,,,,,,,,0.12,UP,0
23033,,,,,,,,,,0.13,UP,0
23066,,,,,,,,,,0.144,UP,0
23100,,,,,,,,,,0.163,UP,0
23133,,,,,,,,,,0.188,UP,0
23166,,,,,,,,,,0.218,UP,0
23200,,,,,,,,,,0.256,UP,0
23233,,,,,,,,,,0.298,UP,0
23266,,,,,,,,,,0.338,UP,0
23300,,,,,,,,,,0.373,UP,0
23333,,,,,,,,,,0.403,UP,0
23366,,,,,,,,,,0.432,UP,0
23400,,,,,,,,,,0.455,UP,0
23433,,,,,,,,,,0.477,UP,0
23466,173.5,178.4,175.9,152.3,179.4,173.0,176.2,168.3,0.9,0.504,UP,0
23500,176.4,178.5,177.4,153.1,179.7,172.0,175.8,169.2,1.0,0.533,UP,0
23533,178.1,179.1,178.6,167.4,179.9,173.4,176.6,171.9,0.4,0.56,UP,0
23566,177.2,179.6,178.4,173.8,179.0,174.2,176.6,174.1,0.0,0.591,UP,0
23600,177.8,179.7,178.7,177.8,178.3,174.5,176.4,176.3,0.2,0.623,UP,0
23633,176.1,179.7,177.9,178.2,177.3,174.7,176.0,176.3,0.4,0.654,UP,0
23666,174.8,179.5,177.1,178.2,176.8,174.3,175.5,176.2,0.3,0.683,UP,0
23700,174.0,179.5,176.7,177.8,175.6,174.8,175.2,175.9,0.7,0.71,UP,0
23733,173.4,178.4,175.9,177.3,175.1,174.2,174.6,175.5,0.5,0.736,UP,0
23766,172.8,177.2,175.0,176.5,174.6,173.8,174.2,175.1,0.4,0.759,UP,0
23800,172.1,176.2,174.2,175.8,174.0,173.6,173.8,174.7,0.2,0.781,UP,0
23833,171.6,175.1,173.3,175.0,173.8,173.5,173.7,174.3,0.2,0.801,UP,0
23866,171.8,174.9,173.4,174.4,174.1,173.6,173.8,174.0,0.6,0.819,UP,0
23900,172.7,175.6,174.1,174.0,175.2,174.2,174.7,174.0,1.2,0.835,UP,0
23933,173.5,175.2,174.3,173.9,175.8,173.9,174.9,174.2,1.4,0.85,UP,0
23966,174.7,174.9,174.8,174.0,176.5,173.7,175.1,174.4,1.6,0.863,UP,0
24000,174.5,174.7,174.6,174.2,176.7,173.7,175.2,174.7,1.7,0.874,UP,0
24033,175.0,174.8,174.9,174.6,177.1,173.5,175.3,175.0,1.8,0.884,UP,0
24066,174.9,174.3,174.6,174.7,176.8,173.4,175.1,175.1,1.9,0.894,UP,0
24100,175.0,174.3,174.6,174.7,176.7,173.3,175.0,175.1,1.9,0.902,UP,0
24133,175.1,174.3,174.7,174.7,176.3,173.4,174.8,175.1,1.9,0.91,UP,0
24166,176.0,174.5,175.3,174.8,174.9,173.9,174.4,174.9,1.7,0.917,UP,0
24200,176.2,174.0,175.1,174.9,174.2,173.9,174.1,174.7,1.5,0.924,UP,0
24233,176.5,174.0,175.3,175.0,173.8,174.0,173.9,174.4,1.4,0.93,UP,0
24266,175.8,173.9,174.9,175.0,173.5,174.0,173.7,174.2,1.3,0.936,UP,0
24300,175.7,174.2,174.9,175.1,173.3,174.5,173.9,174.0,1.1,0.942,UP,0
24333,175.8,174.1,175.0,175.0,173.8,174.3,174.0,173.9,1.1,0.946,UP,0
24366,175.6,173.3,174.4,174.9,174.6,173.2,173.9,173.9,1.5,0.951,UP,0
24400,175.0,173.6,174.3,174.7,174.8,173.1,173.9,173.9,1.5,0.955,UP,0
24433,175.4,173.4,174.4,174.6,175.1,172.5,173.8,173.9,1.5,0.958,UP,0
24466,175.4,173.4,174.4,174.5,175.1,172.9,174.0,173.9,1.3,0.961,UP,0
24500,175.5,173.8,174.7,174.4,175.3,172.9,174.1,174.0,1.2,0.964,UP,0
24533,175.6,174.1,174.9,174.5,175.3,173.2,174.3,174.0,1.1,0.967,UP,0
24566,175.9,174.2,175.1,174.7,175.4,173.1,174.3,174.1,1.0,0.969,UP,0
24600,175.9,174.2,175.1,174.8,175.3,173.2,174.2,174.2,0.9,0.971,UP,0
24633,176.0,174.3,175.1,175.0,175.3,173.2,174.3,174.2,0.9,0.973,UP,0
24666,176.0,174.3,175.2,175.1,175.2,173.2,174.2,174.2,0.9,0.974,UP,0
24700,176.0,174.3,175.2,175.1,175.2,173.2,174.2,174.2,0.8,0.976,UP,0
24733,176.1,174.3,175.2,175.2,175.3,173.2,174.2,174.2,0.8,0.977,UP,0
24766,176.2,174.4,175.3,175.2,175.3,173.3,174.3,174.3,0.8,0.978,UP,0
24800,176.2,174.4,175.3,175.2,175.4,173.2,174.3,174.3,0.9,0.979,UP,0
24833,176.2,174.4,175.3,175.3,175.4,173.2,174.3,174.3,0.9,0.98,UP,0
24866,176.2,174.4,175.3,175.3,175.4,173.1,174.3,174.3,0.9,0.98,UP,0
24900,175.8,174.4,175.1,175.3,175.4,173.1,174.3,174.3,0.9,0.981,UP,0
24933,175.8,174.4,175.1,175.2,175.7,172.9,174.3,174.3,1.2,0.981,UP,0
24966,175.7,174.3,175.0,175.2,176.2,172.6,174.4,174.3,1.5,0.982,UP,0
25000,175.6,174.3,174.9,175.1,176.2,172.2,174.2,174.3,1.8,0.982,UP,0
25033,175.5,174.3,174.9,175.0,176.6,171.6,174.1,174.3,2.2,0.982,UP,0
25066,175.0,174.3,174.7,174.9,176.9,171.1,174.0,174.2,2.6,0.983,UP,0
25100,175.0,174.4,174.7,174.9,177.6,170.3,174.0,174.1,3.3,0.983,UP,0
25133,174.9,174.8,174.8,174.8,177.9,169.7,173.8,174.0,3.9,0.983,UP,0
25166,175.2,174.9,175.0,174.8,178.4,168.6,173.5,173.9,4.7,0.983,UP,0
25200,175.4,174.0,174.7,174.8,178.9,166.8,172.9,173.6,5.5,0.983,UP,0
25233,175.8,174.2,175.0,174.9,179.4,166.3,172.9,173.4,5.9,0.984,UP,0
25266,175.9,173.1,174.5,174.8,179.8,164.9,172.4,173.1,6.6,0.984,UP,0
25300,176.0,173.3,174.6,174.8,179.2,164.4,171.8,172.7,7.5,0.984,UP,0
25333,177.7,170.8,174.2,174.6,178.0,161.3,169.6,171.9,8.5,0.984,UP,0
25366,178.0,166.9,172.4,174.2,176.6,157.2,166.9,170.7,9.8,0.983,UP,0
25400,176.9,166.1,171.5,173.5,176.5,154.3,165.4,169.2,11.1,0.982,UP,0
25433,176.6,163.4,170.0,172.6,176.0,151.3,163.7,167.5,12.3,0.981,UP,0
25466,176.2,160.3,168.2,171.3,176.3,148.2,162.3,165.6,13.4,0.98,UP,0
25500,177.5,154.5,166.0,169.6,175.8,143.2,159.5,163.5,14.5,0.979,UP,0
25533,177.4,154.7,166.1,168.4,176.8,140.6,158.7,161.9,15.9,0.977,UP,0
25566,177.8,153.6,165.7,167.2,178.2,137.7,158.0,160.4,17.2,0.976,UP,0
25600,177.9,152.0,164.9,166.2,178.3,136.9,157.6,159.2,17.8,0.973,UP,0
25633,177.4,151.3,164.4,165.4,179.9,134.9,157.4,158.2,19.2,0.971,UP,0
25666,178.9,148.8,163.9,165.0,179.2,134.0,156.6,157.6,19.1,0.968,UP,0
25700,174.2,144.3,159.2,163.6,177.8,129.7,153.7,156.7,20.3,0.964,UP,0
25733,172.6,140.8,156.7,161.8,179.9,130.0,154.9,156.0,19.2,0.96,UP,0
25766,173.2,130.3,151.7,159.2,179.4,121.6,150.5,154.6,20.1,0.955,UP,0
25800,174.3,130.5,152.4,156.8,176.4,121.3,148.8,152.9,17.7,0.951,UP,0
25833,177.1,124.4,150.7,154.2,172.7,117.0,144.9,150.6,18.3,0.946,UP,0
25866,170.4,112.5,141.4,150.6,166.6,113.6,140.1,147.9,15.1,0.937,UP,0
25900,157.0,102.1,129.6,145.2,166.2,113.0,139.6,144.8,15.6,0.923,DOWN,0
25933,150.8,101.2,126.0,140.0,160.6,111.4,136.0,141.9,15.1,0.904,DOWN,0
25966,148.3,95.9,122.1,134.0,157.2,112.6,134.9,139.1,13.8,0.882,DOWN,0
26000,134.4,84.9,109.7,125.7,150.5,109.4,129.9,136.1,12.3,0.857,DOWN,0
26033,120.6,77.7,99.2,117.3,145.8,106.8,126.3,133.3,11.1,0.829,DOWN,0
26066,110.0,62.8,86.4,108.7,139.2,98.8,119.0,129.2,10.0,0.797,DOWN,0
26100,110.7,64.0,87.3,100.9,145.7,99.6,122.6,126.6,9.6,0.763,DOWN,0
26133,111.7,66.2,88.9,94.3,141.8,98.0,119.9,123.6,9.4,0.727,DOWN,0
26166,120.8,66.8,93.8,91.1,142.0,90.3,116.2,120.8,7.4,0.694,DOWN,0
26200,120.5,68.3,94.4,90.2,138.3,86.6,112.5,118.0,6.8,0.667,DOWN,0
26233,114.0,58.1,86.1,90.1,133.5,74.3,103.9,115.0,5.7,0.647,DOWN,0
26266,107.0,60.7,83.9,89.4,130.4,78.2,104.3,111.3,5.8,0.635,BOTTOM,0
26300,101.4,60.2,80.8,87.8,129.7,79.1,104.4,108.2,6.6,0.625,BOTTOM,0
26333,99.4,57.4,78.4,84.7,129.5,79.3,104.4,105.9,6.7,0.614,BOTTOM,0
26366,97.1,55.7,76.4,81.1,128.2,80.6,104.4,104.3,6.5,0.602,BOTTOM,0
26400,95.2,55.1,75.1,78.9,125.6,80.4,103.0,104.1,6.6,0.589,BOTTOM,0
26433,89.6,50.7,70.1,76.2,126.7,80.0,103.4,103.9,6.5,0.575,BOTTOM,0
26466,96.2,52.0,74.1,74.8,132.0,83.9,108.0,104.6,6.8,0.562,BOTTOM,0
26500,99.1,50.7,74.9,74.1,133.1,82.0,107.5,105.3,6.9,0.548,BOTTOM,0
26533,107.3,47.6,77.4,74.3,136.0,82.5,109.3,106.2,6.7,0.535,BOTTOM,0
26566,108.7,47.3,78.0,74.9,139.5,85.5,112.5,108.1,6.9,0.522,BOTTOM,0
26600,107.4,52.3,79.8,76.9,138.5,84.8,111.6,109.8,7.0,0.511,BOTTOM,0
26633,108.3,52.0,80.1,78.1,140.5,86.8,113.7,110.9,7.0,0.5,BOTTOM,0
26666,,,,,,,,,,0.491,BOTTOM,0
26700,,,,,,,,,,0.482,BOTTOM,0
26733,,,,,,,,,,0.47,BOTTOM,0
26766,,,,,,,,,,0.456,BOTTOM,0
26800,,,,,,,,,,0.441,BOTTOM,0
26833,,,,,,,,,,0.428,BOTTOM,0
26866,,,,,,,,,,0.416,BOTTOM,0
26900,,,,,,,,,,0.409,BOTTOM,0
26933,,,,,,,,,,0.403,BOTTOM,0
26966,,,,,,,,,,0.399,BOTTOM,0
27000,,,,,,,,,,0.396,BOTTOM,0
27033,,,,,,,,,,0.393,BOTTOM,0
27066,,,,,,,,,,0.388,BOTTOM,0
27100,,,,,,,,,,0.383,BOTTOM,0
27133,,,,,,,,,,0.378,BOTTOM,0
27166,,,,,,,,,,0.374,BOTTOM,0
27200,,,,,,,,,,0.372,BOTTOM,0
27233,,,,,,,,,,0.374,BOTTOM,0
27266,,,,,,,,,,0.378,BOTTOM,0
27300,,,,,,,,,,0.382,BOTTOM,0
27333,,,,,,,,,,0.386,BOTTOM,0
27366,,,,,,,,,,0.388,BOTTOM,0
27400,,,,,,,,,,0.39,BOTTOM,0
27433,,,,,,,,,,0.392,BOTTOM,0
27466,,,,,,,,,,0.399,BOTTOM,0
27500,,,,,,,,,,0.413,BOTTOM,0
27533,,,,,,,,,,0.433,BOTTOM,0
27566,,,,,,,,,,0.453,BOTTOM,0
27600,,,,,,,,,,0.473,BOTTOM,0
27633,,,,,,,,,,0.489,BOTTOM,0
27666,,,,,,,,,,0.494,BOTTOM,0
27700,,,,,,,,,,0.499,BOTTOM,0
27733,144.0,120.3,132.2,89.5,147.3,125.1,136.2,116.7,8.8,0.501,BOTTOM,0
27766,150.6,116.5,133.5,100.7,154.6,124.4,139.5,122.7,10.9,0.505,BOTTOM,0
27800,159.5,120.8,140.2,113.2,161.5,128.2,144.8,129.2,10.8,0.512,BOTTOM,0
27833,160.9,124.0,142.5,125.7,161.9,132.4,147.1,136.3,10.7,0.528,BOTTOM,0
27866,167.9,120.9,144.4,138.6,169.1,134.4,151.8,143.9,10.9,0.546,BOTTOM,0
27900,177.0,127.3,152.2,142.6,174.5,137.7,156.1,147.9,9.7,0.569,DOWN,0
27933,177.4,135.2,156.3,147.1,173.9,139.3,156.6,151.3,8.8,0.596,DOWN,0
27966,179.3,139.4,159.3,150.9,174.8,142.0,158.4,154.0,8.1,0.626,DOWN,0
28000,179.7,149.5,164.6,155.3,176.6,148.8,162.7,157.1,7.9,0.655,DOWN,0
28033,179.5,160.5,170.0,160.5,177.1,154.5,165.8,159.9,7.8,0.683,DOWN,0
28066,178.8,164.0,171.4,164.3,177.5,157.6,167.6,162.2,7.2,0.712,DOWN,0
28100,175.1,162.5,168.8,166.8,176.9,159.5,168.2,164.5,6.2,0.738,DOWN,0
28133,174.7,165.1,169.9,168.9,177.0,161.7,169.3,166.7,5.6,0.762,DOWN,0
28166,173.0,166.7,169.8,170.0,176.9,163.9,170.4,168.3,5.3,0.784,UP,1
28200,171.6,169.2,170.4,170.1,176.4,166.1,171.2,169.4,5.0,0.804,UP,1
28233,171.5,169.9,170.7,169.9,176.5,167.0,171.7,170.2,4.8,0.821,UP,1
28266,171.4,170.5,170.9,170.3,176.4,167.9,172.1,171.0,4.4,0.837,UP,1
28300,171.3,172.5,171.9,170.7,176.3,169.6,173.0,171.7,4.0,0.851,UP,1
28333,171.4,174.3,172.8,171.4,176.3,170.7,173.5,172.3,3.8,0.863,UP,1
28366,171.4,173.2,172.3,171.7,176.5,170.9,173.7,172.8,3.6,0.875,UP,1
28400,171.2,173.7,172.4,172.1,176.5,171.9,174.2,173.3,3.4,0.886,UP,1
28433,171.1,174.2,172.7,172.4,176.4,172.7,174.6,173.8,3.1,0.895,UP,1
28466,171.4,174.0,172.7,172.6,176.2,172.9,174.6,174.1,2.8,0.904,UP,1
28500,171.6,173.6,172.6,172.5,176.2,172.9,174.5,174.3,2.7,0.913,UP,1
28533,172.0,173.8,172.9,172.7,176.1,173.0,174.6,174.5,2.6,0.92,UP,1
28566,172.7,173.7,173.2,172.8,176.3,173.0,174.7,174.6,2.6,0.927,UP,1
28600,173.6,173.5,173.6,173.0,176.7,172.8,174.8,174.6,2.6,0.932,UP,1
28633,175.6,173.5,174.6,173.4,177.3,172.8,175.0,174.7,2.7,0.938,UP,1
28666,175.7,173.8,174.7,173.8,176.9,173.1,175.0,174.8,2.6,0.943,UP,1
28700,175.1,174.0,174.6,174.1,175.9,173.2,174.5,174.8,2.5,0.947,UP,1
28733,175.5,174.0,174.8,174.4,175.3,173.1,174.2,174.7,2.6,0.951,UP,1
28766,175.4,173.7,174.6,174.6,174.9,173.1,174.0,174.6,2.5,0.954,UP,1
28800,175.2,173.9,174.6,174.6,174.3,174.2,174.2,174.4,2.2,0.957,UP,1
28833,174.9,174.1,174.5,174.6,173.4,175.2,174.3,174.3,2.0,0.96,UP,1
28866,174.3,173.7,174.0,174.5,173.3,174.9,174.1,174.2,2.3,0.962,UP,1
28900,174.4,173.7,174.1,174.3,173.2,175.0,174.1,174.2,2.4,0.964,UP,1
28933,174.6,174.2,174.4,174.3,172.9,175.7,174.3,174.2,2.4,0.966,UP,1
28966,176.5,174.0,175.2,174.4,173.8,175.6,174.7,174.3,2.7,0.968,UP,1
29000,176.2,174.6,175.4,174.6,173.5,176.4,174.9,174.4,2.4,0.969,UP,1
29033,176.9,173.1,175.0,174.8,174.1,175.8,174.9,174.6,2.4,0.97,UP,1
29066,177.7,172.4,175.1,175.0,174.8,175.6,175.2,174.8,2.3,0.97,UP,1
29100,177.8,172.1,174.9,175.1,175.2,175.3,175.3,175.0,2.3,0.968,UP,1
29133,177.1,172.5,174.8,175.0,175.4,175.9,175.7,175.2,2.2,0.967,UP,1
29166,176.0,171.4,173.7,174.7,175.2,175.8,175.5,175.3,2.0,0.964,UP,1
29200,175.6,171.2,173.4,174.4,175.3,175.9,175.6,175.5,1.9,0.961,UP,1
29233,175.0,170.4,172.7,173.9,175.0,175.9,175.5,175.5,1.5,0.957,UP,1
29266,172.6,169.0,170.8,173.1,174.9,175.7,175.3,175.5,1.4,0.954,UP,1
29300,169.4,168.9,169.1,171.9,174.8,175.3,175.1,175.4,1.2,0.951,UP,1
29333,168.7,165.7,167.2,170.6,175.4,174.5,174.9,175.3,0.6,0.948,UP,1
29366,166.1,162.8,164.4,168.8,175.7,172.1,173.9,174.9,0.5,0.946,UP,1
29400,170.4,165.2,167.8,167.9,175.6,171.3,173.4,174.5,0.3,0.945,UP,1
29433,168.7,166.6,167.7,167.2,176.8,170.5,173.6,174.2,0.2,0.944,UP,1
29466,171.4,170.2,170.8,167.6,176.7,170.3,173.5,173.9,0.1,0.945,UP,1
29500,171.7,170.6,171.2,168.4,178.0,170.7,174.3,173.8,0.2,0.944,UP,1
29533,173.9,172.1,173.0,170.1,177.9,171.1,174.5,173.9,0.1,0.944,UP,1
29566,174.2,173.0,173.6,171.3,178.1,171.8,174.9,174.2,0.1,0.942,UP,1
29600,175.2,174.7,175.0,172.7,177.9,172.4,175.2,174.5,0.0,0.939,UP,1
29633,173.9,174.9,174.4,173.4,178.0,172.6,175.3,174.9,0.2,0.934,UP,1
29666,174.2,175.9,175.1,174.2,178.6,172.1,175.3,175.1,0.7,0.925,UP,1
29700,173.5,176.1,174.8,174.6,178.4,171.6,175.0,175.2,1.1,0.912,UP,1
29733,173.0,176.2,174.6,174.8,178.5,171.0,174.7,175.1,1.4,0.894,UP,1
29766,171.8,170.5,171.1,174.0,178.6,168.2,173.4,174.8,1.8,0.87,UP,1
29800,171.4,177.4,174.4,174.0,179.0,169.7,174.4,174.6,2.3,0.841,UP,1
29833,172.7,177.9,175.3,174.0,178.9,170.5,174.7,174.4,2.4,0.812,UP,1
29866,173.4,179.1,176.2,174.3,178.9,170.6,174.8,174.4,2.5,0.78,UP,1
29900,171.6,179.8,175.7,174.6,178.9,170.6,174.7,174.4,2.8,0.742,UP,1
29933,168.5,177.6,173.1,174.9,177.5,171.7,174.6,174.6,2.9,0.703,UP,1
29966,176.3,179.4,177.9,175.6,176.7,172.3,174.5,174.7,2.6,0.672,UP,1
30000,178.9,179.1,179.0,176.4,176.4,173.9,175.2,174.8,2.8,0.646,UP,1
30033,177.3,178.5,177.9,176.7,175.3,174.9,175.1,174.8,3.0,0.627,UP,1
30066,176.7,180.0,178.3,177.2,175.4,174.2,174.8,174.8,3.3,0.616,UP,1
30100,176.7,177.6,177.2,178.1,175.2,173.0,174.1,174.7,3.3,0.614,UP,1
30133,174.9,178.7,176.8,177.8,175.6,174.2,174.9,174.8,2.8,0.608,UP,1
30166,174.6,179.0,176.8,177.4,175.7,174.4,175.1,174.8,2.9,0.592,UP,1
30200,177.5,179.2,178.3,177.5,177.2,174.3,175.7,174.9,2.8,0.573,UP,1
30233,177.1,177.8,177.5,177.3,176.6,175.0,175.8,175.1,2.4,0.555,UP,1
30266,174.9,177.0,176.0,177.1,174.4,176.0,175.2,175.3,1.3,0.532,UP,1
30300,175.4,179.5,177.4,177.2,173.0,175.4,174.2,175.2,0.5,0.509,UP,1
30333,,,,,,,,,,0.488,UP,1
30366,,,,,,,,,,0.468,UP,1
30400,,,,,,,,,,0.442,UP,1
30433,,,,,,,,,,0.419,UP,1
30466,,,,,,,,,,0.396,UP,1
30500,,,,,,,,,,0.375,UP,1
30533,,,,,,,,,,0.354,UP,1
30566,,,,,,,,,,0.337,UP,1
30600,,,,,,,,,,0.32,UP,1
30633,,,,,,,,,,0.303,UP,1
30666,,,,,,,,,,0.285,UP,1
30700,,,,,,,,,,0.268,UP,1
30733,,,,,,,,,,0.248,UP,1
30766,,,,,,,,,,0.229,UP,1
30800,,,,,,,,,,0.213,UP,1
30833,,,,,,,,,,0.197,UP,1
30866,,,,,,,,,,0.184,UP,1
30900,,,,,,,,,,0.177,UP,1
30933,,,,,,,,,,0.174,UP,1
30966,,,,,,,,,,0.172,UP,1
31000,,,,,,,,,,0.174,UP,1
31033,,,,,,,,,,0.176,UP,1
31066,,,,,,,,,,0.178,UP,1
31100,,,,,,,,,,0.181,UP,1
31133,,,,,,,,,,0.181,UP,1
31166,,,,,,,,,,0.182,UP,1
31200,,,,,,,,,,0.184,UP,1
31233,,,,,,,,,,0.184,UP,1
31266,,,,,,,,,,0.181,UP,1
31300,,,,,,,,,,0.179,UP,1
31333,,,,,,,,,,0.174,UP,1
31366,,,,,,,,,,0.167,UP,1
31400,,,,,,,,,,0.16,UP,1
31433,,,,,,,,,,0.154,UP,1
31466,,,,,,,,,,0.15,UP,1
31500,,,,,,,,,,0.147,UP,1
31533,,,,,,,,,,0.144,UP,1
31566,,,,,,,,,,0.143,UP,1
31600,,,,,,,,,,0.14,UP,1
31633,,,,,,,,,,0.139,UP,1
31666,,,,,,,,,,0.139,UP,1
31700,,,,,,,,,,0.14,UP,1
31733,,,,,,,,,,0.138,UP,1
31766,,,,,,,,,,0.139,UP,1
31800,,,,,,,,,,0.139,UP,1
31833,,,,,,,,,,0.138,UP,1
31866,,,,,,,,,,0.137,UP,1
31900,,,,,,,,,,0.137,UP,1
31933,,,,,,,,,,0.137,UP,1
31966,,,,,,,,,,0.138,UP,1
32000,,,,,,,,,,0.141,UP,1
32033,,,,,,,,,,0.145,UP,1
32066,,,,,,,,,,0.149,UP,1
32100,,,,,,,,,,0.152,UP,1
32133,,,,,,,,,,0.156,UP,1
32166,,,,,,,,,,0.159,UP,1
32200,,,,,,,,,,0.16,UP,1
32233,,,,,,,,,,0.161,UP,1
32266,,,,,,,,,,0.161,UP,1
32300,,,,,,,,,,0.157,UP,1
32333,,,,,,,,,,0.151,UP,1
32366,,,,,,,,,,0.145,UP,1
32400,,,,,,,,,,0.137,UP,1
32433,,,,,,,,,,0.128,UP,1
32466,,,,,,,,,,0.119,UP,1
32500,,,,,,,,,,0.111,UP,1
32533,,,,,,,,,,0.103,UP,1
32566,,,,,,,,,,0.096,UP,1
32600,,,,,,,,,,0.091,UP,1
32633,,,,,,,,,,0.086,UP,1
32666,,,,,,,,,,0.081,UP,1
32700,,,,,,,,,,0.077,UP,1
32733,,,,,,,,,,0.073,UP,1
32766,,,,,,,,,,0.069,UP,1
32800,,,,,,,,,,0.066,UP,1
32833,,,,,,,,,,0.063,UP,1
32866,,,,,,,,,,0.06,UP,1
32900,,,,,,,,,,0.057,UP,1
32933,,,,,,,,,,0.056,UP,1
32966,,,,,,,,,,0.054,UP,1
